fecha;hora;email;password;tittle;post
20231030;225508;ecarfilaf@gmail.com;123;Fisrt Post;654321
20231030;234049;ecarfilaf@gmail.com;123;Fisrt Post;654321
20231030;235350;ecarfilaf@gmail.com;123;Fisrt Post;654321
20231101;185931;ecarfilaf@gmail.com;123;Fisrt Post;primer post
20231101;190110;ecarfilaf@gmail.com;123;Fisrt Post;primer post
20231101;190501;ecarfilaf@gmail.com;123;Fisrt Post;primer post
20231101;190628;ecarfilaf@gmail.com;123;Fisrt Post;primer post
20231101;190801;ecarfilaf@gmail.com;123;Fisrt Post;primer post
20231101;190913;ecarfilaf@gmail.com;123;Fisrt Post;primer post
20231101;191352;ecarfilaf@gmail.com;123;Fisrt Post;primer post
20231101;192444;ecarfilaf@gmail.com;123;Fisrt Post;primer post
20231101;192739;ecarfilaf@gmail.com;123;Fisrt Post;primer post
20231101;192801;ecarfilaf@gmail.com;123;Fisrt Post;primer post
20231101;192828;ecarfilaf@gmail.com;123;Fisrt Post;primer post
20231101;193056;ecarfilaf@gmail.com;123;Fisrt Post;primer post
20231101;193154;ecarfilaf@gmail.com;123;Fisrt Post;primer post
20231101;193513;ecarfilaf@gmail.com;123;Fisrt Post;primer post
20231101;193841;ecarfilaf@gmail.com;123;Fisrt Post;primer post
20231101;194244;ecarfilaf@gmail.com;123;Fisrt Post;primer post
20231101;194927;ecarfilaf@gmail.com;123;Fisrt Post;primer post
20231101;221733;ecarfilaf@gmail.com;123;Fisrt Post;Descripci√≥n de mi primer post para proyecto.  
20231101;231615;ecarfilaf@gmail.com;123;Fisrt Post;Lorem ipsum dolor sit amet, consectetur adipiscing elit. Nam vitae tellus et urna interdum ultrices. Donec efficitur massa id rutrum venenatis. Cras ac risus in leo tincidunt lacinia quis a orci. Cras ac lorem augue. Vivamus sed finibus urna. In vitae pretium dui. Integer vitae nisi ante. Sed id risus nec nisl scelerisque scelerisque. Praesent sit amet purus vitae nulla volutpat pellentesque. Aliquam luctus sem vel ligula posuere, eget molestie dolor vehicula. Donec a magna nec eros pretium cursus ut auctor sapien. Ut leo eros, consequat nec leo quis, pretium pellentesque lorem. Praesent et neque ut urna faucibus pulvinar eget non sem. In sollicitudin venenatis mi, ac lobortis purus. Phasellus gravida metus nisl, ut consectetur dolor sodales aliquam.
20231102;194355;ecarfilaf@gmail.com;123;Fisrt Post;Lorem ipsum dolor sit amet, consectetur adipiscing elit. Nam vitae tellus et urna interdum ultrices. Donec efficitur massa id rutrum venenatis. Cras ac risus in leo tincidunt lacinia quis a orci. Cras ac lorem augue. Vivamus sed finibus urna. In vitae pretium dui. Integer vitae nisi ante. Sed id risus nec nisl scelerisque scelerisque. Praesent sit amet purus vitae nulla volutpat pellentesque. Aliquam luctus sem vel ligula posuere, eget molestie dolor vehicula. Donec a magna nec eros pretium cursus ut auctor sapien. Ut leo eros, consequat nec leo quis, pretium pellentesque lorem. Praesent et neque ut urna faucibus pulvinar eget non sem. In sollicitudin venenatis mi, ac lobortis purus. Phasellus gravida metus nisl, ut consectetur dolor sodales aliquam.
20231102;195040;ecarfilaf@gmail.com;123;Fisrt Post;Lorem ipsum dolor sit amet, consectetur adipiscing elit. Nam vitae tellus et urna interdum ultrices. Donec efficitur massa id rutrum venenatis. Cras ac risus in leo tincidunt lacinia quis a orci. Cras ac lorem augue. Vivamus sed finibus urna. In vitae pretium dui. Integer vitae nisi ante. Sed id risus nec nisl scelerisque scelerisque. Praesent sit amet purus vitae nulla volutpat pellentesque. Aliquam luctus sem vel ligula posuere, eget molestie dolor vehicula. Donec a magna nec eros pretium cursus ut auctor sapien. Ut leo eros, consequat nec leo quis, pretium pellentesque lorem. Praesent et neque ut urna faucibus pulvinar eget non sem. In sollicitudin venenatis mi, ac lobortis purus. Phasellus gravida metus nisl, ut consectetur dolor sodales aliquam.
20231102;195135;ecarfilaf@gmail.com;123456;Fisrt Post;Lorem ipsum dolor sit amet, consectetur adipiscing elit. Nam vitae tellus et urna interdum ultrices. Donec efficitur massa id rutrum venenatis. Cras ac risus in leo tincidunt lacinia quis a orci. Cras ac lorem augue. Vivamus sed finibus urna. In vitae pretium dui. Integer vitae nisi ante. Sed id risus nec nisl scelerisque scelerisque. Praesent sit amet purus vitae nulla volutpat pellentesque. Aliquam luctus sem vel ligula posuere, eget molestie dolor vehicula. Donec a magna nec eros pretium cursus ut auctor sapien. Ut leo eros, consequat nec leo quis, pretium pellentesque lorem. Praesent et neque ut urna faucibus pulvinar eget non sem. In sollicitudin venenatis mi, ac lobortis purus. Phasellus gravida metus nisl, ut consectetur dolor sodales aliquam.
20231102;195444;ecarfilaf@gmail.com;123456;Fisrt Post;Lorem ipsum dolor sit amet, consectetur adipiscing elit. Nam vitae tellus et urna interdum ultrices. Donec efficitur massa id rutrum venenatis. Cras ac risus in leo tincidunt lacinia quis a orci. Cras ac lorem augue. Vivamus sed finibus urna. In vitae pretium dui. Integer vitae nisi ante. Sed id risus nec nisl scelerisque scelerisque. Praesent sit amet purus vitae nulla volutpat pellentesque. Aliquam luctus sem vel ligula posuere, eget molestie dolor vehicula. Donec a magna nec eros pretium cursus ut auctor sapien. Ut leo eros, consequat nec leo quis, pretium pellentesque lorem. Praesent et neque ut urna faucibus pulvinar eget non sem. In sollicitudin venenatis mi, ac lobortis purus. Phasellus gravida metus nisl, ut consectetur dolor sodales aliquam.
20231102;195459;ecarfilaf@gmail.com;123456;Fisrt Post;Lorem ipsum dolor sit amet, consectetur adipiscing elit. Nam vitae tellus et urna interdum ultrices. Donec efficitur massa id rutrum venenatis. Cras ac risus in leo tincidunt lacinia quis a orci. Cras ac lorem augue. Vivamus sed finibus urna. In vitae pretium dui. Integer vitae nisi ante. Sed id risus nec nisl scelerisque scelerisque. Praesent sit amet purus vitae nulla volutpat pellentesque. Aliquam luctus sem vel ligula posuere, eget molestie dolor vehicula. Donec a magna nec eros pretium cursus ut auctor sapien. Ut leo eros, consequat nec leo quis, pretium pellentesque lorem. Praesent et neque ut urna faucibus pulvinar eget non sem. In sollicitudin venenatis mi, ac lobortis purus. Phasellus gravida metus nisl, ut consectetur dolor sodales aliquam.
20231102;195543;ecarfilaf@gmail.com;123456;Fisrt Post;Lorem ipsum dolor sit amet, consectetur adipiscing elit. Nam vitae tellus et urna interdum ultrices. Donec efficitur massa id rutrum venenatis. Cras ac risus in leo tincidunt lacinia quis a orci. Cras ac lorem augue. Vivamus sed finibus urna. In vitae pretium dui. Integer vitae nisi ante. Sed id risus nec nisl scelerisque scelerisque. Praesent sit amet purus vitae nulla volutpat pellentesque. Aliquam luctus sem vel ligula posuere, eget molestie dolor vehicula. Donec a magna nec eros pretium cursus ut auctor sapien. Ut leo eros, consequat nec leo quis, pretium pellentesque lorem. Praesent et neque ut urna faucibus pulvinar eget non sem. In sollicitudin venenatis mi, ac lobortis purus. Phasellus gravida metus nisl, ut consectetur dolor sodales aliquam.
20231102;200934;ecarfilaf@gmail.com;123456;Fisrt Post;Lorem ipsum dolor sit amet, consectetur adipiscing elit. Nam vitae tellus et urna interdum ultrices. Donec efficitur massa id rutrum venenatis. Cras ac risus in leo tincidunt lacinia quis a orci. Cras ac lorem augue. Vivamus sed finibus urna. In vitae pretium dui. Integer vitae nisi ante. Sed id risus nec nisl scelerisque scelerisque. Praesent sit amet purus vitae nulla volutpat pellentesque. Aliquam luctus sem vel ligula posuere, eget molestie dolor vehicula. Donec a magna nec eros pretium cursus ut auctor sapien. Ut leo eros, consequat nec leo quis, pretium pellentesque lorem. Praesent et neque ut urna faucibus pulvinar eget non sem. In sollicitudin venenatis mi, ac lobortis purus. Phasellus gravida metus nisl, ut consectetur dolor sodales aliquam.
20231102;201342;ecarfilaf@gmail.com;123456;Fisrt Post;Lorem ipsum dolor sit amet, consectetur adipiscing elit. Nam vitae tellus et urna interdum ultrices. Donec efficitur massa id rutrum venenatis. Cras ac risus in leo tincidunt lacinia quis a orci. Cras ac lorem augue. Vivamus sed finibus urna. In vitae pretium dui. Integer vitae nisi ante. Sed id risus nec nisl scelerisque scelerisque. Praesent sit amet purus vitae nulla volutpat pellentesque. Aliquam luctus sem vel ligula posuere, eget molestie dolor vehicula. Donec a magna nec eros pretium cursus ut auctor sapien. Ut leo eros, consequat nec leo quis, pretium pellentesque lorem. Praesent et neque ut urna faucibus pulvinar eget non sem. In sollicitudin venenatis mi, ac lobortis purus. Phasellus gravida metus nisl, ut consectetur dolor sodales aliquam.
20231102;202039;ecarfilaf@gmail.com;213;Fisrt Post;Lorem ipsum dolor sit amet, consectetur adipiscing elit. Nam vitae tellus et urna interdum ultrices. Donec efficitur massa id rutrum venenatis. Cras ac risus in leo tincidunt lacinia quis a orci. Cras ac lorem augue. Vivamus sed finibus urna. In vitae pretium dui. Integer vitae nisi ante. Sed id risus nec nisl scelerisque scelerisque. Praesent sit amet purus vitae nulla volutpat pellentesque. Aliquam luctus sem vel ligula posuere, eget molestie dolor vehicula. Donec a magna nec eros pretium cursus ut auctor sapien. Ut leo eros, consequat nec leo quis, pretium pellentesque lorem. Praesent et neque ut urna faucibus pulvinar eget non sem. In sollicitudin venenatis mi, ac lobortis purus. Phasellus gravida metus nisl, ut consectetur dolor sodales aliquam.
20231102;202110;ecarfilaf@gmail.com;213;Fisrt Post;Lorem ipsum dolor sit amet, consectetur adipiscing elit. Nam vitae tellus et urna interdum ultrices. Donec efficitur massa id rutrum venenatis. Cras ac risus in leo tincidunt lacinia quis a orci. Cras ac lorem augue. Vivamus sed finibus urna. In vitae pretium dui. Integer vitae nisi ante. Sed id risus nec nisl scelerisque scelerisque. Praesent sit amet purus vitae nulla volutpat pellentesque. Aliquam luctus sem vel ligula posuere, eget molestie dolor vehicula. Donec a magna nec eros pretium cursus ut auctor sapien. Ut leo eros, consequat nec leo quis, pretium pellentesque lorem. Praesent et neque ut urna faucibus pulvinar eget non sem. In sollicitudin venenatis mi, ac lobortis purus. Phasellus gravida metus nisl, ut consectetur dolor sodales aliquam.
2023-11-02;20:45:02;ecarfilaf@gmail.com;12354;Fisrt Post;sfecha.substring(0,4)+'-'+sfecha.substring(4,6)+'-'+sfecha.substring(6,8)
2023-11-02;20:45:49;ecarfilaf@gmail.com;12354;Fisrt Post;sfecha.substring(0,4)+'-'+sfecha.substring(4,6)+'-'+sfecha.substring(6,8)
2023-11-02;20:50:48;ecarfilaf@gmail.com;123456;Fisrt Post;Lorem ipsum dolor sit amet, consectetur adipiscing elit. Nam vitae tellus et urna interdum ultrices. Donec efficitur massa id rutrum venenatis. Cras ac risus in leo tincidunt lacinia quis a orci. Cras ac lorem augue. Vivamus sed finibus urna. In vitae pretium dui. Integer vitae nisi ante. Sed id risus nec nisl scelerisque scelerisque. Praesent sit amet purus vitae nulla volutpat pellentesque. Aliquam luctus sem vel ligula posuere, eget molestie dolor vehicula. Donec a magna nec eros pretium cursus ut auctor sapien. Ut leo eros, consequat nec leo quis, pretium pellentesque lorem. Praesent et neque ut urna faucibus pulvinar eget non sem. In sollicitudin venenatis mi, ac lobortis purus. Phasellus gravida metus nisl, ut consectetur dolor sodales aliquam.
2023-11-02;20:57:05;ecarfilaf@gmail.com;123456;Fisrt Post;Lorem ipsum dolor sit amet, consectetur adipiscing elit. Nam vitae tellus et urna interdum ultrices. Donec efficitur massa id rutrum venenatis. Cras ac risus in leo tincidunt lacinia quis a orci. Cras ac lorem augue. Vivamus sed finibus urna. In vitae pretium dui. Integer vitae nisi ante. Sed id risus nec nisl scelerisque
2023-11-03;15:04:49;ecarfilaf@gmail.com;123;Fisrt Post;Lorem ipsum dolor sit amet, consectetur adipiscing elit. Nam vitae tellus et urna interdum ultrices. Donec efficitur massa id rutrum venenatis. Cras ac risus in leo tincidunt lacinia quis a orci. Cras ac lorem augue. Vivamus sed finibus urna. In vitae pretium dui. Integer vitae nisi ante. Sed id risus nec nisl scelerisque scelerisque. Praesent sit amet purus vitae nulla volutpat pellentesque. Aliquam luctus sem vel ligula posuere, eget molestie dolor vehicula. Donec a magna nec eros pretium cursus ut auctor sapien. Ut leo eros, consequat nec leo quis, pretium pellentesque lorem. Praesent et neque ut urna faucibus pulvinar eget non sem. In sollicitudin venenatis mi, ac lobortis purus. Phasellus gravida metus nisl, ut consectetur dolor sodales aliquam.
2023-11-03;15:06:21;ecarfilaf@gmail.com;123;Second  Post;Mauris a orci urna. Etiam vel ex ipsum. Nunc ultricies odio in auctor ornare. Proin quam lectus, mattis ac eleifend auctor, tristique sed nunc. Cras dapibus, erat ac interdum pulvinar, arcu lacus scelerisque nibh, ut mollis neque tellus at nisl. Ut semper vestibulum magna ac commodo. Sed molestie risus sit amet elit semper facilisis. Integer massa felis, facilisis et dui commodo, luctus dignissim ex. Interdum et malesuada fames ac ante ipsum primis in faucibus. Etiam aliquam ipsum dui, vitae viverra dolor commodo in. Fusce sodales tellus sit amet tempus cursus.
2023-11-03;15:14:58;ecarfilaf@gmail.com;123;Fisrt Post;Mauris a orci urna. Etiam vel ex ipsum. Nunc ultricies odio in auctor ornare. Proin quam lectus, mattis ac eleifend auctor, tristique sed nunc. Cras dapibus, erat ac interdum pulvinar, arcu lacus scelerisque nibh, ut mollis neque tellus at nisl. Ut semper vestibulum magna ac commodo. Sed molestie risus sit amet elit semper facilisis. Integer massa felis, facilisis et dui commodo, luctus dignissim ex. Interdum et malesuada fames ac ante ipsum primis in faucibus. Etiam aliquam ipsum dui, vitae viverra dolor commodo in. Fusce sodales tellus sit amet tempus cursus.
2023-11-03;17:53:19;ecarfilaf@gmail.com;1243;Fisrt Post;Mauris a orci urna. Etiam vel ex ipsum. Nunc ultricies odio in auctor ornare. Proin quam lectus, mattis ac eleifend auctor, tristique sed nunc. Cras dapibus, erat ac interdum pulvinar, arcu lacus scelerisque nibh, ut mollis neque tellus at nisl. Ut semper vestibulum magna ac commodo. Sed molestie risus sit amet elit semper facilisis. Integer massa felis, facilisis et dui commodo, luctus dignissim ex. Interdum et malesuada fames ac ante ipsum primis in faucibus. Etiam aliquam ipsum dui, vitae viverra dolor commodo in. Fusce sodales tellus sit amet tempus cursus.

2023-11-03;18:12:50;ecarfilaf@gmail.com;1243;Fisrt Post;Mauris a orci urna. Etiam vel ex ipsum. Nunc ultricies odio in auctor ornare. Proin quam lectus, mattis ac eleifend auctor, tristique sed nunc. Cras dapibus, erat ac interdum pulvinar, arcu lacus scelerisque nibh, ut mollis neque tellus at nisl. Ut semper vestibulum magna ac commodo. Sed molestie risus sit amet elit semper facilisis. Integer massa felis, facilisis et dui commodo, luctus dignissim ex. Interdum et malesuada fames ac ante ipsum primis in faucibus. Etiam aliquam ipsum dui, vitae viverra dolor commodo in. Fusce sodales tellus sit amet tempus cursus.

2023-11-03;18:17:45;ecarfilaf@gmail.com;123;Fisrt Post;Mauris a orci urna. Etiam vel ex ipsum. Nunc ultricies odio in auctor ornare. Proin quam lectus, mattis ac eleifend auctor, tristique sed nunc. Cras dapibus, erat ac interdum pulvinar, arcu lacus scelerisque nibh, ut mollis neque tellus at nisl. Ut semper vestibulum magna ac commodo. Sed molestie risus sit amet elit semper facilisis. Integer massa felis, facilisis et dui commodo, luctus dignissim ex. Interdum et malesuada fames ac ante ipsum primis in faucibus. Etiam aliquam ipsum dui, vitae viverra dolor commodo in. Fusce sodales tellus sit amet tempus cursus.
2023-11-03;21:10:59;ecarfilaf@gmail.com;123;Fisrt Post;Mauris a orci urna. Etiam vel ex ipsum. Nunc ultricies odio in auctor ornare. Proin quam lectus, mattis ac eleifend auctor, tristique sed nunc. Cras dapibus, erat ac interdum pulvinar, arcu lacus scelerisque nibh, ut mollis neque tellus at nisl. Ut semper vestibulum magna ac commodo. Sed molestie risus sit amet elit semper facilisis. Integer massa felis, facilisis et dui commodo, luctus dignissim ex. Interdum et malesuada fames ac ante ipsum primis in faucibus. Etiam aliquam ipsum dui, vitae viverra dolor commodo in. Fusce sodales tellus sit amet tempus cursus.
2023-11-03;21:16:34;ecarfilaf@gmail.com;123;Fisrt Post;Mauris a orci urna. Etiam vel ex ipsum. Nunc ultricies odio in auctor ornare. Proin quam lectus, mattis ac eleifend auctor, tristique sed nunc. Cras dapibus, erat ac interdum pulvinar, arcu lacus scelerisque nibh, ut mollis neque tellus at nisl. Ut semper vestibulum magna ac commodo. Sed molestie risus sit amet elit semper facilisis. Integer massa felis, facilisis et dui commodo, luctus dignissim ex. Interdum et malesuada fames ac ante ipsum primis in faucibus. Etiam aliquam ipsum dui, vitae viverra dolor commodo in. Fusce sodales tellus sit amet tempus cursus.
2023-11-03;21:33:06;ecarfilaf@gmail.com;123;Fisrt Post;Mauris a orci urna. Etiam vel ex ipsum. Nunc ultricies odio in auctor ornare. Proin quam lectus, mattis ac eleifend auctor, tristique sed nunc. Cras dapibus, erat ac interdum pulvinar, arcu lacus scelerisque nibh, ut mollis neque tellus at nisl. Ut semper vestibulum magna ac commodo. Sed molestie risus sit amet elit semper facilisis. Integer massa felis, facilisis et dui commodo, luctus dignissim ex. Interdum et malesuada fames ac ante ipsum primis in faucibus. Etiam aliquam ipsum dui, vitae viverra dolor commodo in. Fusce sodales tellus sit amet tempus cursus.
2023-11-03;21:49:44;ecarfilaf@gmail.com;123;Fisrt Post;Mauris a orci urna. Etiam vel ex ipsum. Nunc ultricies odio in auctor ornare. Proin quam lectus, mattis ac eleifend auctor, tristique sed nunc. Cras dapibus, erat ac interdum pulvinar, arcu lacus scelerisque nibh, ut mollis neque tellus at nisl. Ut semper vestibulum magna ac commodo. Sed molestie risus sit amet elit semper facilisis. Integer massa felis, facilisis et dui commodo, luctus dignissim ex. Interdum et malesuada fames ac ante ipsum primis in faucibus. Etiam aliquam ipsum dui, vitae viverra dolor commodo in. Fusce sodales tellus sit amet tempus cursus.
2023-11-03;21:58:15;ecarfilaf@gmail.com;123;Fisrt Post;Mauris a orci urna. Etiam vel ex ipsum. Nunc ultricies odio in auctor ornare. Proin quam lectus, mattis ac eleifend auctor, tristique sed nunc. Cras dapibus, erat ac interdum pulvinar, arcu lacus scelerisque nibh, ut mollis neque tellus at nisl. Ut semper vestibulum magna ac commodo. Sed molestie risus sit amet elit semper facilisis. Integer massa felis, facilisis et dui commodo, luctus dignissim ex. Interdum et malesuada fames ac ante ipsum primis in faucibus. Etiam aliquam ipsum dui, vitae viverra dolor commodo in. Fusce sodales tellus sit amet tempus cursus.
2023-11-05;00:07:05;ecarfilaf@gmail.com;123;Fisrt Post;Lorem ipsum dolor sit amet, consectetur adipiscing elit. In nec massa ut dolor fermentum facilisis quis a ante. Nulla imperdiet leo id nisl convallis ullamcorper. Aliquam erat volutpat. Aenean bibendum congue cursus. Praesent in enim magna. Ut vehicula consequat bibendum. Aliquam erat volutpat. Ut eu quam mauris. Quisque nec magna a sapien venenatis faucibus. Integer gravida sed quam at posuere. Integer mauris nisi, pretium eget cursus at, vehicula in odio. Nulla scelerisque ligula eget interdum rhoncus. Aliquam eleifend, eros sed cursus sollicitudin, nulla urna iaculis sapien, consequat accumsan felis orci pretium libero.
2023-11-05;00:09:54;ecarfilaf@gmail.com;123;Fisrt Post;Lorem ipsum dolor sit amet, consectetur adipiscing elit. In nec massa ut dolor fermentum facilisis quis a ante. Nulla imperdiet leo id nisl convallis ullamcorper. Aliquam erat volutpat. Aenean bibendum congue cursus. Praesent in enim magna. Ut vehicula consequat bibendum. Aliquam erat volutpat. Ut eu quam mauris. Quisque nec magna a sapien venenatis faucibus. Integer gravida sed quam at posuere. Integer mauris nisi, pretium eget cursus at, vehicula in odio. Nulla scelerisque ligula eget interdum rhoncus. Aliquam eleifend, eros sed cursus sollicitudin, nulla urna iaculis sapien, consequat accumsan felis orci pretium libero.
2023-11-05;18:02:49;ecarfilaf@gmail.com;123;Fisrt Post;Lorem ipsum dolor sit amet, consectetur adipiscing elit. In nec massa ut dolor fermentum facilisis quis a ante. Nulla imperdiet leo id nisl convallis ullamcorper. Aliquam erat volutpat. Aenean bibendum congue cursus. Praesent in enim magna. Ut vehicula consequat bibendum. Aliquam erat volutpat. Ut eu quam mauris. Quisque nec magna a sapien venenatis faucibus. Integer gravida sed quam at posuere. Integer mauris nisi, pretium eget cursus at, vehicula in odio. Nulla scelerisque ligula eget interdum rhoncus. Aliquam eleifend, eros sed cursus sollicitudin, nulla urna iaculis sapien, consequat accumsan felis orci pretium libero.
2023-11-05;18:14:00;ecarfilaf@gmail.com;123;Fisrt Post;Lorem ipsum dolor sit amet, consectetur adipiscing elit. In nec massa ut dolor fermentum facilisis quis a ante. Nulla imperdiet leo id nisl convallis ullamcorper. Aliquam erat volutpat. Aenean bibendum congue cursus. Praesent in enim magna. Ut vehicula consequat bibendum. Aliquam erat volutpat. Ut eu quam mauris. Quisque nec magna a sapien venenatis faucibus. Integer gravida sed quam at posuere. Integer mauris nisi, pretium eget cursus at, vehicula in odio. Nulla scelerisque ligula eget interdum rhoncus. Aliquam eleifend, eros sed cursus sollicitudin, nulla urna iaculis sapien, consequat accumsan felis orci pretium libero.
2023-11-05;18:16:46;ecarfilaf@gmail.com;123;Fisrt Post;Lorem ipsum dolor sit amet, consectetur adipiscing elit. In nec massa ut dolor fermentum facilisis quis a ante. Nulla imperdiet leo id nisl convallis ullamcorper. Aliquam erat volutpat. Aenean bibendum congue cursus. Praesent in enim magna. Ut vehicula consequat bibendum. Aliquam erat volutpat. Ut eu quam mauris. Quisque nec magna a sapien venenatis faucibus. Integer gravida sed quam at posuere. Integer mauris nisi, pretium eget cursus at, vehicula in odio. Nulla scelerisque ligula eget interdum rhoncus. Aliquam eleifend, eros sed cursus sollicitudin, nulla urna iaculis sapien, consequat accumsan felis orci pretium libero.
2023-11-05;18:21:28;ecarfilaf@gmail.com;123;Fisrt Post;Lorem ipsum dolor sit amet, consectetur adipiscing elit. In nec massa ut dolor fermentum facilisis quis a ante. Nulla imperdiet leo id nisl convallis ullamcorper. Aliquam erat volutpat. Aenean bibendum congue cursus. Praesent in enim magna. Ut vehicula consequat bibendum. Aliquam erat volutpat. Ut eu quam mauris. Quisque nec magna a sapien venenatis faucibus. Integer gravida sed quam at posuere. Integer mauris nisi, pretium eget cursus at, vehicula in odio. Nulla scelerisque ligula eget interdum rhoncus. Aliquam eleifend, eros sed cursus sollicitudin, nulla urna iaculis sapien, consequat accumsan felis orci pretium libero.
2023-11-05;18:30:27;ecarfilaf@gmail.com;123;Fisrt Post;Lorem ipsum dolor sit amet, consectetur adipiscing elit. In nec massa ut dolor fermentum facilisis quis a ante. Nulla imperdiet leo id nisl convallis ullamcorper. Aliquam erat volutpat. Aenean bibendum congue cursus. Praesent in enim magna. Ut vehicula consequat bibendum. Aliquam erat volutpat. Ut eu quam mauris. Quisque nec magna a sapien venenatis faucibus. Integer gravida sed quam at posuere. Integer mauris nisi, pretium eget cursus at, vehicula in odio. Nulla scelerisque ligula eget interdum rhoncus. Aliquam eleifend, eros sed cursus sollicitudin, nulla urna iaculis sapien, consequat accumsan felis orci pretium libero.
2023-11-05;18:32:37;ecarfilaf@gmail.com;123;Fisrt Post;Lorem ipsum dolor sit amet, consectetur adipiscing elit. In nec massa ut dolor fermentum facilisis quis a ante. Nulla imperdiet leo id nisl convallis ullamcorper. Aliquam erat volutpat. Aenean bibendum congue cursus. Praesent in enim magna. Ut vehicula consequat bibendum. Aliquam erat volutpat. Ut eu quam mauris. Quisque nec magna a sapien venenatis faucibus. Integer gravida sed quam at posuere. Integer mauris nisi, pretium eget cursus at, vehicula in odio. Nulla scelerisque ligula eget interdum rhoncus. Aliquam eleifend, eros sed cursus sollicitudin, nulla urna iaculis sapien, consequat accumsan felis orci pretium libero.
2023-11-05;18:36:31;ecarfilaf@gmail.com;123;Fisrt Post;Lorem ipsum dolor sit amet, consectetur adipiscing elit. In nec massa ut dolor fermentum facilisis quis a ante. Nulla imperdiet leo id nisl convallis ullamcorper. Aliquam erat volutpat. Aenean bibendum congue cursus. Praesent in enim magna. Ut vehicula consequat bibendum. Aliquam erat volutpat. Ut eu quam mauris. Quisque nec magna a sapien venenatis faucibus. Integer gravida sed quam at posuere. Integer mauris nisi, pretium eget cursus at, vehicula in odio. Nulla scelerisque ligula eget interdum rhoncus. Aliquam eleifend, eros sed cursus sollicitudin, nulla urna iaculis sapien, consequat accumsan felis orci pretium libero.
2023-11-05;18:40:41;ecarfilaf@gmail.com;123;Fisrt Post;Lorem ipsum dolor sit amet, consectetur adipiscing elit. In nec massa ut dolor fermentum facilisis quis a ante. Nulla imperdiet leo id nisl convallis ullamcorper. Aliquam erat volutpat. Aenean bibendum congue cursus. Praesent in enim magna. Ut vehicula consequat bibendum. Aliquam erat volutpat. Ut eu quam mauris. Quisque nec magna a sapien venenatis faucibus. Integer gravida sed quam at posuere. Integer mauris nisi, pretium eget cursus at, vehicula in odio. Nulla scelerisque ligula eget interdum rhoncus. Aliquam eleifend, eros sed cursus sollicitudin, nulla urna iaculis sapien, consequat accumsan felis orci pretium libero.
2023-11-05;18:45:26;ecarfilaf@gmail.com;123;Fisrt Post;Lorem ipsum dolor sit amet, consectetur adipiscing elit. In nec massa ut dolor fermentum facilisis quis a ante. Nulla imperdiet leo id nisl convallis ullamcorper. Aliquam erat volutpat. Aenean bibendum congue cursus. Praesent in enim magna. Ut vehicula consequat bibendum. Aliquam erat volutpat. Ut eu quam mauris. Quisque nec magna a sapien venenatis faucibus. Integer gravida sed quam at posuere. Integer mauris nisi, pretium eget cursus at, vehicula in odio. Nulla scelerisque ligula eget interdum rhoncus. Aliquam eleifend, eros sed cursus sollicitudin, nulla urna iaculis sapien, consequat accumsan felis orci pretium libero.
2023-11-05;18:57:22;ecarfilaf@gmail.com;123;Fisrt Post;Lorem ipsum dolor sit amet, consectetur adipiscing elit. In nec massa ut dolor fermentum facilisis quis a ante. Nulla imperdiet leo id nisl convallis ullamcorper. Aliquam erat volutpat. Aenean bibendum congue cursus. Praesent in enim magna. Ut vehicula consequat bibendum. Aliquam erat volutpat. Ut eu quam mauris. Quisque nec magna a sapien venenatis faucibus. Integer gravida sed quam at posuere. Integer mauris nisi, pretium eget cursus at, vehicula in odio. Nulla scelerisque ligula eget interdum rhoncus. Aliquam eleifend, eros sed cursus sollicitudin, nulla urna iaculis sapien, consequat accumsan felis orci pretium libero.
2023-11-05;18:58:06;ecarfilaf@gmail.com;123;Fisrt Post;Lorem ipsum dolor sit amet, consectetur adipiscing elit. In nec massa ut dolor fermentum facilisis quis a ante. Nulla imperdiet leo id nisl convallis ullamcorper. Aliquam erat volutpat. Aenean bibendum congue cursus. Praesent in enim magna. Ut vehicula consequat bibendum. Aliquam erat volutpat. Ut eu quam mauris. Quisque nec magna a sapien venenatis faucibus. Integer gravida sed quam at posuere. Integer mauris nisi, pretium eget cursus at, vehicula in odio. Nulla scelerisque ligula eget interdum rhoncus. Aliquam eleifend, eros sed cursus sollicitudin, nulla urna iaculis sapien, consequat accumsan felis orci pretium libero.
2023-11-05;19:06:14;ecarfilaf@gmail.com;123;Second  Post;new Date(dato.fecha+' '+dato.hora)).toLocaleDateString('en-US', options)
2023-11-09;18:05:50;dhakada92@gmail.com;1233;mine;heelllloo
2023-11-09;18:06:25;dhakada92@gmail.com;dhakad;mine;ddefefwf
2023-11-09;18:08:16;csdcdcdcd@gmail.com;cdsccdscsdc;dcsdc;dcsdcsd
2023-11-09;18:08:57;csdcdcdcd@gmail.com;cdsccdscsdc;dcsdc;dcsdcsd
2023-11-09;18:21:54;csdcdcdcd@gmail.com;cdsccdscsdc;dcsdc;dcsdcsd
2023-11-09;18:25:22;csdcdcdcd@gmail.com;cdsccdscsdc;dcsdc;dcsdcsd
2023-11-09;18:25:48;csdcdcdcd@gmail.com;cdsccdscsdc;dcsdc;dcsdcsd
2023-11-09;18:26:06;csdcdcdcd@gmail.com;cdsccdscsdc;dcsdc;dcsdcsd
2023-11-09;18:28:00;csdcdcdcd@gmail.com;cdsccdscsdc;dcsdc;dcsdcsd
2023-11-09;18:28:24;csdcdcdcd@gmail.com;cdsccdscsdc;dcsdc;dcsdcsd
2023-11-09;18:28:44;csdcdcdcd@gmail.com;cdsccdscsdc;dcsdc;dcsdcsd
2023-11-09;18:28:55;csdcdcdcd@gmail.com;cdsccdscsdc;dcsdc;dcsdcsd
2023-11-09;18:30:02;csdcdcdcd@gmail.com;cdsccdscsdc;dcsdc;dcsdcsd
2023-11-09;18:30:23;csdcdcdcd@gmail.com;cdsccdscsdc;dcsdc;dcsdcsd
2023-11-09;18:31:21;csdcdcdcd@gmail.com;cdsccdscsdc;dcsdc;dcsdcsd
2023-11-09;18:31:45;csdcdcdcd@gmail.com;cdsccdscsdc;dcsdc;dcsdcsd
2023-11-09;18:32:56;csdcdcdcd@gmail.com;cdsccdscsdc;dcsdc;dcsdcsd
2023-11-09;18:35:26;csdcdcdcd@gmail.com;cdsccdscsdc;dcsdc;dcsdcsd
2023-11-09;18:35:41;csdcdcdcd@gmail.com;cdsccdscsdc;dcsdc;dcsdcsd
2023-11-09;18:36:19;csdcdcdcd@gmail.com;cdsccdscsdc;dcsdc;dcsdcsd
2023-11-09;18:36:38;csdcdcdcd@gmail.com;cdsccdscsdc;dcsdc;dcsdcsd
2023-11-09;csdcdcdcd@gmail.com;cdsccdscsdc;dcsdc;dcsdcsd
2023-11-09;19:24:42;csdcdcdcd@gmail.com;cdsccdscsdc;dcsdc;dcsdcsd
2023-11-09;19:25:38;csdcdcdcd@gmail.com;cdsccdscsdc;dcsdc;dcsdcsd
2023-11-09;19:28:19;dhakada92@gmail.com;1234567;mine;rtyui
2023-11-09;19:28:38;dhakada92@gmail.com;1234567;mine;rtyui
2023-11-09;19:28:59;dhakada92@gmail.com;1234567;mine;rtyui
2023-11-09;19:28:59;dhakada92@gmail.com;1234567;yours;rtyuggg
2023-11-09;19:37:18;dhakada92@gmail.com;12345678;arun sara;gggg
2023-11-09;19:37:43;dhakada92@gmail.com;12345678;arun sara;gggg
2023-11-09;19:40:54;dhakada92@gmail.com;12345678;arun sara;gggg
2023-11-09;19:41:03;dhakada92@gmail.com;12345678;arun sara;gggg
2023-11-10;11:00:08;dhakada92@gmail.com;dcsdcsdc;aaaaaaaaaaa;aaaaaaaaaaa
2023-11-10;11:01:22;dsdcdscdsfcsd@gmail.com;ewdwefwddw;csdferferfefedfe;fcefevcefve
